target,family,neural_top_source,neural_top_mutations,neural_top_energy,neural_top_policy_pred,neural_top_policy_z,neural_top_policy_score,neural_top_mars_score,overall_mutations,overall_mars_score,best_learned_mutations,best_learned_mars_score,neural_matches_overall,neural_matches_best_learned,neural_mars_delta_vs_overall,neural_mars_delta_vs_best_learned,neural_gate_geom,neural_gate_phylo,neural_gate_asr,neural_gate_retrieval,neural_gate_environment
1LBT,lipase_b,local_proposal,R249L;A251E;M298L,0.08800256252288818,0.896187424659729,1.2678345441818237,1.1908244868967095,3.107,M298L,3.867,R249E;A251E;M298L,3.207,False,False,-0.76,-0.1,0.16706740856170654,0.21195589005947113,0.11267875880002975,0.09932336956262589,0.4089745581150055
tem1_1btl,beta_lactamase,local_proposal,H153N;M155L;W229F;M272L,0.07627876847982407,1.7027370929718018,1.5805143117904663,1.5254262352081787,10.457,H153N;M155L;W229F;M272L,10.457,H153Q;M155I;M272L,7.828,True,False,0.0,2.629,0.2938172221183777,0.2284042090177536,0.16890400648117065,0.0965912863612175,0.21228329837322235
petase_5xfy,cutinase,mars_mpnn,Y3F;Y40F;Y41F;Y117F,0.08329591155052185,1.430206298828125,1.7406620979309082,1.7317258278757244,2.957,Y3F;Y40F;Y41F;Y117F,2.957,Y3F;Y40F;Y41F;Y117F,2.957,True,True,0.0,0.0,0.3242230713367462,0.20865000784397125,0.19476939737796783,0.2074238359928131,0.06493368744850159
petase_5xh3,cutinase,local_proposal,Y3F;Y40F;Y41F;Y117F,0.07353397458791733,1.5528126955032349,2.186936855316162,2.0553558960947194,2.957,Y3F;Y40F;Y41F;Y117F,2.957,Y3F;Y40F;Y117F,0.211,True,False,0.0,2.746,0.1553414762020111,0.2589208781719208,0.12223342806100845,0.20935086905956268,0.25415337085723877
sfgfp_2b3p,gfp_like,local_proposal,H25Q;H139Q;Y182F;H231Q,-0.030228886753320694,1.2573130130767822,1.3935428857803345,1.4292987774595862,6.227,H25Q;H139Q;Y182F;H231Q,6.227,H25Q;H139Q;Y182F;H231E,4.727,True,False,0.0,1.5,0.1698588877916336,0.2535529136657715,0.22708606719970703,0.15211181342601776,0.19739027321338654
t4l_171l,lysozyme,local_proposal,Y88F;W126F;Y139F;W158F,0.14285287261009216,1.2048484086990356,1.864675760269165,1.844220555663876,2.957,Y88F;W126F;Y139F;W158F,2.957,Y88F;Y139F;W158F,0.34,True,False,0.0,2.617,0.294442355632782,0.14076173305511475,0.15099464356899261,0.15212154388427734,0.2616797685623169
subtilisin_2st1,subtilisin,local_proposal,Y21F;Y104F;W241F;Y262F,0.2560959458351135,1.228650450706482,2.03555965423584,1.9783329485274423,2.157,Y21F;Y104F;W241F;Y262F,2.157,Y21F;Y104D;W241F;Y262F,1.457,True,False,0.0,0.7,0.24018226563930511,0.1921282261610031,0.23259373009204865,0.16862232983112335,0.16647344827651978
adk_1s3g,adenylate_kinase,local_proposal,Y24F;H28Q;M103L;H109Q,0.04501240700483322,1.2465534210205078,1.6689143180847168,1.5256316072133773,11.727,Y24F;H28Q;M103L;H109Q,11.727,H28L;M103L,0.17,True,False,0.0,11.557,0.20161886513233185,0.20252321660518646,0.1075066328048706,0.11058789491653442,0.37776339054107666
esterase_7b4q,lipase_esterase,local_proposal,M52L;Y61F;H121Q;Y123Q,0.05471500754356384,1.243224024772644,1.4776439666748047,1.488856633861229,8.603,M52L;Y61F;H121Q;Y123Q,8.603,M52L;Y61P;H121S;Y123Q,8.01,True,False,0.0,0.593,0.1270049810409546,0.11786579340696335,0.22377000749111176,0.1145838126540184,0.4167754054069519
sod_1y67,superoxide_dismutase,local_proposal,Y10F;H18Q;W175F;Y180F,0.0082255182787776,1.3130929470062256,1.7066388130187988,1.7199217652301286,4.257,Y10F;H18Q;W175F;Y180F,4.257,Y10F;H18Y,-2.425,True,False,0.0,6.682,0.28407686948776245,0.2862548232078552,0.16515004634857178,0.0719355046749115,0.19258271157741547
CLD_3Q09_NOTOPIC,cld,local_proposal,W155F;W156F;M167I;M212L;W227F,0.17540861666202545,1.0381367206573486,1.6134991645812988,1.4915957387052885,3.719,W155F;W156F;M167I;M212L;W227F,3.719,W155G;W156F;M167I;M212L;W227F,2.439,True,False,0.0,1.28,0.08792973309755325,0.23769943416118622,0.28365060687065125,0.2278517484664917,0.162868469953537
CLD_3Q09_TOPIC,cld,local_proposal,W155F;W156F;M167I;M212L;W227F,0.13926798105239868,1.2485454082489014,1.4363657236099243,1.387416649404472,5.552,W155F;W156F;M167L;M212L;W227F,4.999,W155F;W156Y;M167V;M212L;W227F,1.399,False,False,0.553,4.153,0.13348498940467834,0.2795528769493103,0.16242769360542297,0.12169770896434784,0.30283671617507935
